{"cameraMode":{"drawMode":0,"name":"Shaded","section":"Shading Mode"},"sceneLighting":false,"audioPlay":false,"sceneViewState":{"showFog":true,"showMaterialUpdate":false,"showSkybox":false,"showFlares":true,"showImageEffects":true,"showParticleSystems":true},"in2DMode":false,"pivot":{"x":0.04937005043029785,"y":2.4621126651763918,"z":-1.1657991409301758},"rotation":{"x":0.17060710489749909,"y":0.07149744033813477,"z":-0.012432664632797242,"w":0.9826915860176086},"size":1.1781980991363526,"orthographic":false}