{"cameraMode":{"drawMode":0,"name":"Shaded","section":"Shading Mode"},"sceneLighting":false,"audioPlay":false,"sceneViewState":{"showFog":true,"showMaterialUpdate":false,"showSkybox":false,"showFlares":true,"showImageEffects":true,"showParticleSystems":true},"in2DMode":false,"pivot":{"x":45.04363250732422,"y":-10.393096923828125,"z":262.9625244140625},"rotation":{"x":0.19552916288375855,"y":-0.7484791874885559,"z":0.25162574648857119,"w":0.5816274285316467},"size":76.77146911621094,"orthographic":false}