{"cameraMode":{"drawMode":0,"name":"Shaded","section":"Shading Mode"},"sceneLighting":true,"audioPlay":false,"sceneViewState":{"showFog":true,"showMaterialUpdate":false,"showSkybox":true,"showFlares":true,"showImageEffects":true,"showParticleSystems":true},"in2DMode":false,"pivot":{"x":215.18557739257813,"y":30.142799377441408,"z":204.59197998046876},"rotation":{"x":-0.43350231647491457,"y":-0.3248112201690674,"z":0.17108753323554994,"w":-0.8229910731315613},"size":39.89600372314453,"orthographic":false}