{"cameraMode":{"drawMode":0,"name":"Shaded","section":"Shading Mode"},"sceneLighting":true,"audioPlay":false,"sceneViewState":{"showFog":true,"showMaterialUpdate":false,"showSkybox":true,"showFlares":true,"showImageEffects":true,"showParticleSystems":true},"in2DMode":false,"pivot":{"x":173.43006896972657,"y":14.14989185333252,"z":302.69012451171877},"rotation":{"x":-0.34417739510536196,"y":0.09858810156583786,"z":-0.0363665409386158,"w":-0.9330207109451294},"size":20.798147201538087,"orthographic":false}